class,subject,chapter,source_chunks,audited_chunks,missing_count,missing_chunk_ids,status
classNineTen,physical_education,class9-10_Physical_education_ch6,269,12,257,"['9-10-Physical_education-6-1', '9-10-Physical_education-6-10', '9-10-Physical_education-6-100', '9-10-Physical_education-6-101', '9-10-Physical_education-6-104', '9-10-Physical_education-6-105', '9-10-Physical_education-6-106', '9-10-Physical_education-6-107', '9-10-Physical_education-6-108', '9-10-Physical_education-6-109', '9-10-Physical_education-6-11', '9-10-Physical_education-6-110', '9-10-Physical_education-6-111', '9-10-Physical_education-6-112', '9-10-Physical_education-6-113', '9-10-Physical_education-6-114', '9-10-Physical_education-6-115', '9-10-Physical_education-6-116', '9-10-Physical_education-6-117', '9-10-Physical_education-6-118', '9-10-Physical_education-6-119', '9-10-Physical_education-6-12', '9-10-Physical_education-6-120', '9-10-Physical_education-6-121', '9-10-Physical_education-6-122', '9-10-Physical_education-6-123', '9-10-Physical_education-6-124', '9-10-Physical_education-6-125', '9-10-Physical_education-6-126', '9-10-Physical_education-6-127', '9-10-Physical_education-6-129', '9-10-Physical_education-6-13', '9-10-Physical_education-6-130', '9-10-Physical_education-6-131', '9-10-Physical_education-6-132', '9-10-Physical_education-6-133', '9-10-Physical_education-6-134', '9-10-Physical_education-6-136', '9-10-Physical_education-6-137', '9-10-Physical_education-6-138', '9-10-Physical_education-6-139', '9-10-Physical_education-6-14', '9-10-Physical_education-6-140', '9-10-Physical_education-6-141', '9-10-Physical_education-6-142', '9-10-Physical_education-6-143', '9-10-Physical_education-6-144', '9-10-Physical_education-6-145', '9-10-Physical_education-6-146', '9-10-Physical_education-6-147', '9-10-Physical_education-6-148', '9-10-Physical_education-6-149', '9-10-Physical_education-6-15', '9-10-Physical_education-6-150', '9-10-Physical_education-6-151', '9-10-Physical_education-6-152', '9-10-Physical_education-6-153', '9-10-Physical_education-6-154', '9-10-Physical_education-6-155', '9-10-Physical_education-6-156', '9-10-Physical_education-6-157', '9-10-Physical_education-6-158', '9-10-Physical_education-6-159', '9-10-Physical_education-6-16', '9-10-Physical_education-6-160', '9-10-Physical_education-6-161', '9-10-Physical_education-6-162', '9-10-Physical_education-6-163', '9-10-Physical_education-6-164', '9-10-Physical_education-6-165', '9-10-Physical_education-6-166', '9-10-Physical_education-6-167', '9-10-Physical_education-6-168', '9-10-Physical_education-6-169', '9-10-Physical_education-6-17', '9-10-Physical_education-6-170', '9-10-Physical_education-6-171', '9-10-Physical_education-6-172', '9-10-Physical_education-6-173', '9-10-Physical_education-6-174', '9-10-Physical_education-6-175', '9-10-Physical_education-6-176', '9-10-Physical_education-6-177', '9-10-Physical_education-6-178', '9-10-Physical_education-6-179', '9-10-Physical_education-6-18', '9-10-Physical_education-6-180', '9-10-Physical_education-6-181', '9-10-Physical_education-6-182', '9-10-Physical_education-6-184', '9-10-Physical_education-6-185', '9-10-Physical_education-6-186', '9-10-Physical_education-6-187', '9-10-Physical_education-6-188', '9-10-Physical_education-6-189', '9-10-Physical_education-6-19', '9-10-Physical_education-6-190', '9-10-Physical_education-6-191', '9-10-Physical_education-6-192', '9-10-Physical_education-6-193', '9-10-Physical_education-6-194', '9-10-Physical_education-6-195', '9-10-Physical_education-6-196', '9-10-Physical_education-6-197', '9-10-Physical_education-6-198', '9-10-Physical_education-6-199', '9-10-Physical_education-6-2', '9-10-Physical_education-6-20', '9-10-Physical_education-6-200', '9-10-Physical_education-6-201', '9-10-Physical_education-6-202', '9-10-Physical_education-6-203', '9-10-Physical_education-6-204', '9-10-Physical_education-6-205', '9-10-Physical_education-6-206', '9-10-Physical_education-6-207', '9-10-Physical_education-6-208', '9-10-Physical_education-6-209', '9-10-Physical_education-6-21', '9-10-Physical_education-6-210', '9-10-Physical_education-6-211', '9-10-Physical_education-6-212', '9-10-Physical_education-6-213', '9-10-Physical_education-6-214', '9-10-Physical_education-6-215', '9-10-Physical_education-6-216', '9-10-Physical_education-6-217', '9-10-Physical_education-6-218', '9-10-Physical_education-6-219', '9-10-Physical_education-6-22', '9-10-Physical_education-6-220', '9-10-Physical_education-6-221', '9-10-Physical_education-6-222', '9-10-Physical_education-6-223', '9-10-Physical_education-6-224', '9-10-Physical_education-6-225', '9-10-Physical_education-6-226', '9-10-Physical_education-6-227', '9-10-Physical_education-6-228', '9-10-Physical_education-6-229', '9-10-Physical_education-6-23', '9-10-Physical_education-6-230', '9-10-Physical_education-6-231', '9-10-Physical_education-6-232', '9-10-Physical_education-6-233', '9-10-Physical_education-6-234', '9-10-Physical_education-6-235', '9-10-Physical_education-6-236', '9-10-Physical_education-6-237', '9-10-Physical_education-6-238', '9-10-Physical_education-6-239', '9-10-Physical_education-6-24', '9-10-Physical_education-6-240', '9-10-Physical_education-6-241', '9-10-Physical_education-6-242', '9-10-Physical_education-6-243', '9-10-Physical_education-6-244', '9-10-Physical_education-6-245', '9-10-Physical_education-6-246', '9-10-Physical_education-6-247', '9-10-Physical_education-6-248', '9-10-Physical_education-6-249', '9-10-Physical_education-6-25', '9-10-Physical_education-6-250', '9-10-Physical_education-6-251', '9-10-Physical_education-6-252', '9-10-Physical_education-6-253', '9-10-Physical_education-6-254', '9-10-Physical_education-6-255', '9-10-Physical_education-6-256', '9-10-Physical_education-6-257', '9-10-Physical_education-6-258', '9-10-Physical_education-6-259', '9-10-Physical_education-6-26', '9-10-Physical_education-6-260', '9-10-Physical_education-6-261', '9-10-Physical_education-6-262', '9-10-Physical_education-6-263', '9-10-Physical_education-6-264', '9-10-Physical_education-6-265', '9-10-Physical_education-6-266', '9-10-Physical_education-6-267', '9-10-Physical_education-6-268', '9-10-Physical_education-6-269', '9-10-Physical_education-6-27', '9-10-Physical_education-6-28', '9-10-Physical_education-6-29', '9-10-Physical_education-6-3', '9-10-Physical_education-6-31', '9-10-Physical_education-6-32', '9-10-Physical_education-6-33', '9-10-Physical_education-6-34', '9-10-Physical_education-6-35', '9-10-Physical_education-6-36', '9-10-Physical_education-6-37', '9-10-Physical_education-6-38', '9-10-Physical_education-6-39', '9-10-Physical_education-6-4', '9-10-Physical_education-6-41', '9-10-Physical_education-6-42', '9-10-Physical_education-6-43', '9-10-Physical_education-6-44', '9-10-Physical_education-6-45', '9-10-Physical_education-6-46', '9-10-Physical_education-6-47', '9-10-Physical_education-6-48', '9-10-Physical_education-6-49', '9-10-Physical_education-6-5', '9-10-Physical_education-6-50', '9-10-Physical_education-6-51', '9-10-Physical_education-6-53', '9-10-Physical_education-6-54', '9-10-Physical_education-6-55', '9-10-Physical_education-6-56', '9-10-Physical_education-6-57', '9-10-Physical_education-6-58', '9-10-Physical_education-6-59', '9-10-Physical_education-6-6', '9-10-Physical_education-6-60', '9-10-Physical_education-6-61', '9-10-Physical_education-6-62', '9-10-Physical_education-6-63', '9-10-Physical_education-6-64', '9-10-Physical_education-6-65', '9-10-Physical_education-6-66', '9-10-Physical_education-6-67', '9-10-Physical_education-6-68', '9-10-Physical_education-6-69', '9-10-Physical_education-6-70', '9-10-Physical_education-6-71', '9-10-Physical_education-6-72', '9-10-Physical_education-6-73', '9-10-Physical_education-6-74', '9-10-Physical_education-6-75', '9-10-Physical_education-6-77', '9-10-Physical_education-6-78', '9-10-Physical_education-6-79', '9-10-Physical_education-6-8', '9-10-Physical_education-6-80', '9-10-Physical_education-6-81', '9-10-Physical_education-6-82', '9-10-Physical_education-6-83', '9-10-Physical_education-6-84', '9-10-Physical_education-6-85', '9-10-Physical_education-6-86', '9-10-Physical_education-6-87', '9-10-Physical_education-6-88', '9-10-Physical_education-6-89', '9-10-Physical_education-6-91', '9-10-Physical_education-6-92', '9-10-Physical_education-6-93', '9-10-Physical_education-6-94', '9-10-Physical_education-6-95', '9-10-Physical_education-6-96', '9-10-Physical_education-6-97', '9-10-Physical_education-6-98', '9-10-Physical_education-6-99']",missing_chunks
classNineTen,biology_secondary,class9-10_biology_secondary_ch5,191,32,159,"['9-10-biology_secondary-5-1', '9-10-biology_secondary-5-100', '9-10-biology_secondary-5-101', '9-10-biology_secondary-5-102', '9-10-biology_secondary-5-103', '9-10-biology_secondary-5-105', '9-10-biology_secondary-5-106', '9-10-biology_secondary-5-107', '9-10-biology_secondary-5-108', '9-10-biology_secondary-5-109', '9-10-biology_secondary-5-11', '9-10-biology_secondary-5-110', '9-10-biology_secondary-5-111', '9-10-biology_secondary-5-112', '9-10-biology_secondary-5-113', '9-10-biology_secondary-5-114', '9-10-biology_secondary-5-115', '9-10-biology_secondary-5-116', '9-10-biology_secondary-5-117', '9-10-biology_secondary-5-118', '9-10-biology_secondary-5-119', '9-10-biology_secondary-5-12', '9-10-biology_secondary-5-120', '9-10-biology_secondary-5-121', '9-10-biology_secondary-5-122', '9-10-biology_secondary-5-123', '9-10-biology_secondary-5-124', '9-10-biology_secondary-5-125', '9-10-biology_secondary-5-126', '9-10-biology_secondary-5-127', '9-10-biology_secondary-5-128', '9-10-biology_secondary-5-129', '9-10-biology_secondary-5-13', '9-10-biology_secondary-5-130', '9-10-biology_secondary-5-131', '9-10-biology_secondary-5-132', '9-10-biology_secondary-5-133', '9-10-biology_secondary-5-134', '9-10-biology_secondary-5-135', '9-10-biology_secondary-5-136', '9-10-biology_secondary-5-137', '9-10-biology_secondary-5-138', '9-10-biology_secondary-5-139', '9-10-biology_secondary-5-140', '9-10-biology_secondary-5-141', '9-10-biology_secondary-5-142', '9-10-biology_secondary-5-143', '9-10-biology_secondary-5-144', '9-10-biology_secondary-5-145', '9-10-biology_secondary-5-146', '9-10-biology_secondary-5-147', '9-10-biology_secondary-5-148', '9-10-biology_secondary-5-149', '9-10-biology_secondary-5-15', '9-10-biology_secondary-5-150', '9-10-biology_secondary-5-151', '9-10-biology_secondary-5-152', '9-10-biology_secondary-5-153', '9-10-biology_secondary-5-154', '9-10-biology_secondary-5-155', '9-10-biology_secondary-5-156', '9-10-biology_secondary-5-157', '9-10-biology_secondary-5-158', '9-10-biology_secondary-5-159', '9-10-biology_secondary-5-16', '9-10-biology_secondary-5-160', '9-10-biology_secondary-5-161', '9-10-biology_secondary-5-162', '9-10-biology_secondary-5-163', '9-10-biology_secondary-5-164', '9-10-biology_secondary-5-165', '9-10-biology_secondary-5-166', '9-10-biology_secondary-5-167', '9-10-biology_secondary-5-168', '9-10-biology_secondary-5-169', '9-10-biology_secondary-5-170', '9-10-biology_secondary-5-171', '9-10-biology_secondary-5-172', '9-10-biology_secondary-5-173', '9-10-biology_secondary-5-174', '9-10-biology_secondary-5-175', '9-10-biology_secondary-5-176', '9-10-biology_secondary-5-177', '9-10-biology_secondary-5-178', '9-10-biology_secondary-5-179', '9-10-biology_secondary-5-180', '9-10-biology_secondary-5-181', '9-10-biology_secondary-5-182', '9-10-biology_secondary-5-183', '9-10-biology_secondary-5-184', '9-10-biology_secondary-5-185', '9-10-biology_secondary-5-186', '9-10-biology_secondary-5-187', '9-10-biology_secondary-5-188', '9-10-biology_secondary-5-189', '9-10-biology_secondary-5-19', '9-10-biology_secondary-5-190', '9-10-biology_secondary-5-191', '9-10-biology_secondary-5-2', '9-10-biology_secondary-5-21', '9-10-biology_secondary-5-24', '9-10-biology_secondary-5-25', '9-10-biology_secondary-5-26', '9-10-biology_secondary-5-27', '9-10-biology_secondary-5-28', '9-10-biology_secondary-5-3', '9-10-biology_secondary-5-30', '9-10-biology_secondary-5-31', '9-10-biology_secondary-5-32', '9-10-biology_secondary-5-35', '9-10-biology_secondary-5-36', '9-10-biology_secondary-5-37', '9-10-biology_secondary-5-38', '9-10-biology_secondary-5-39', '9-10-biology_secondary-5-43', '9-10-biology_secondary-5-44', '9-10-biology_secondary-5-46', '9-10-biology_secondary-5-48', '9-10-biology_secondary-5-49', '9-10-biology_secondary-5-50', '9-10-biology_secondary-5-51', '9-10-biology_secondary-5-53', '9-10-biology_secondary-5-54', '9-10-biology_secondary-5-55', '9-10-biology_secondary-5-56', '9-10-biology_secondary-5-57', '9-10-biology_secondary-5-58', '9-10-biology_secondary-5-59', '9-10-biology_secondary-5-60', '9-10-biology_secondary-5-62', '9-10-biology_secondary-5-68', '9-10-biology_secondary-5-7', '9-10-biology_secondary-5-71', '9-10-biology_secondary-5-72', '9-10-biology_secondary-5-73', '9-10-biology_secondary-5-74', '9-10-biology_secondary-5-75', '9-10-biology_secondary-5-76', '9-10-biology_secondary-5-77', '9-10-biology_secondary-5-78', '9-10-biology_secondary-5-79', '9-10-biology_secondary-5-80', '9-10-biology_secondary-5-81', '9-10-biology_secondary-5-82', '9-10-biology_secondary-5-83', '9-10-biology_secondary-5-84', '9-10-biology_secondary-5-85', '9-10-biology_secondary-5-87', '9-10-biology_secondary-5-88', '9-10-biology_secondary-5-89', '9-10-biology_secondary-5-90', '9-10-biology_secondary-5-91', '9-10-biology_secondary-5-92', '9-10-biology_secondary-5-93', '9-10-biology_secondary-5-94', '9-10-biology_secondary-5-95', '9-10-biology_secondary-5-97', '9-10-biology_secondary-5-98', '9-10-biology_secondary-5-99']",missing_chunks
classNineTen,career_education,class9-10_Career_education_ch3,169,12,157,"['9-10-Career_education-3-10', '9-10-Career_education-3-100', '9-10-Career_education-3-101', '9-10-Career_education-3-102', '9-10-Career_education-3-103', '9-10-Career_education-3-104', '9-10-Career_education-3-105', '9-10-Career_education-3-106', '9-10-Career_education-3-107', '9-10-Career_education-3-108', '9-10-Career_education-3-109', '9-10-Career_education-3-11', '9-10-Career_education-3-110', '9-10-Career_education-3-111', '9-10-Career_education-3-113', '9-10-Career_education-3-114', '9-10-Career_education-3-115', '9-10-Career_education-3-116', '9-10-Career_education-3-117', '9-10-Career_education-3-118', '9-10-Career_education-3-119', '9-10-Career_education-3-12', '9-10-Career_education-3-120', '9-10-Career_education-3-121', '9-10-Career_education-3-122', '9-10-Career_education-3-123', '9-10-Career_education-3-124', '9-10-Career_education-3-125', '9-10-Career_education-3-126', '9-10-Career_education-3-127', '9-10-Career_education-3-128', '9-10-Career_education-3-129', '9-10-Career_education-3-13', '9-10-Career_education-3-130', '9-10-Career_education-3-131', '9-10-Career_education-3-132', '9-10-Career_education-3-133', '9-10-Career_education-3-134', '9-10-Career_education-3-135', '9-10-Career_education-3-136', '9-10-Career_education-3-137', '9-10-Career_education-3-138', '9-10-Career_education-3-139', '9-10-Career_education-3-14', '9-10-Career_education-3-140', '9-10-Career_education-3-141', '9-10-Career_education-3-142', '9-10-Career_education-3-143', '9-10-Career_education-3-144', '9-10-Career_education-3-145', '9-10-Career_education-3-146', '9-10-Career_education-3-147', '9-10-Career_education-3-148', '9-10-Career_education-3-149', '9-10-Career_education-3-15', '9-10-Career_education-3-150', '9-10-Career_education-3-151', '9-10-Career_education-3-152', '9-10-Career_education-3-153', '9-10-Career_education-3-154', '9-10-Career_education-3-155', '9-10-Career_education-3-156', '9-10-Career_education-3-157', '9-10-Career_education-3-158', '9-10-Career_education-3-159', '9-10-Career_education-3-16', '9-10-Career_education-3-160', '9-10-Career_education-3-161', '9-10-Career_education-3-162', '9-10-Career_education-3-163', '9-10-Career_education-3-165', '9-10-Career_education-3-166', '9-10-Career_education-3-167', '9-10-Career_education-3-168', '9-10-Career_education-3-169', '9-10-Career_education-3-17', '9-10-Career_education-3-18', '9-10-Career_education-3-19', '9-10-Career_education-3-2', '9-10-Career_education-3-20', '9-10-Career_education-3-23', '9-10-Career_education-3-24', '9-10-Career_education-3-25', '9-10-Career_education-3-26', '9-10-Career_education-3-27', '9-10-Career_education-3-28', '9-10-Career_education-3-3', '9-10-Career_education-3-31', '9-10-Career_education-3-32', '9-10-Career_education-3-33', '9-10-Career_education-3-35', '9-10-Career_education-3-36', '9-10-Career_education-3-37', '9-10-Career_education-3-38', '9-10-Career_education-3-39', '9-10-Career_education-3-4', '9-10-Career_education-3-40', '9-10-Career_education-3-41', '9-10-Career_education-3-42', '9-10-Career_education-3-43', '9-10-Career_education-3-44', '9-10-Career_education-3-45', '9-10-Career_education-3-46', '9-10-Career_education-3-47', '9-10-Career_education-3-48', '9-10-Career_education-3-49', '9-10-Career_education-3-5', '9-10-Career_education-3-50', '9-10-Career_education-3-51', '9-10-Career_education-3-52', '9-10-Career_education-3-53', '9-10-Career_education-3-54', '9-10-Career_education-3-55', '9-10-Career_education-3-56', '9-10-Career_education-3-57', '9-10-Career_education-3-58', '9-10-Career_education-3-59', '9-10-Career_education-3-6', '9-10-Career_education-3-61', '9-10-Career_education-3-62', '9-10-Career_education-3-63', '9-10-Career_education-3-64', '9-10-Career_education-3-65', '9-10-Career_education-3-66', '9-10-Career_education-3-67', '9-10-Career_education-3-68', '9-10-Career_education-3-69', '9-10-Career_education-3-7', '9-10-Career_education-3-70', '9-10-Career_education-3-71', '9-10-Career_education-3-72', '9-10-Career_education-3-76', '9-10-Career_education-3-77', '9-10-Career_education-3-78', '9-10-Career_education-3-79', '9-10-Career_education-3-8', '9-10-Career_education-3-80', '9-10-Career_education-3-81', '9-10-Career_education-3-82', '9-10-Career_education-3-83', '9-10-Career_education-3-84', '9-10-Career_education-3-85', '9-10-Career_education-3-86', '9-10-Career_education-3-87', '9-10-Career_education-3-88', '9-10-Career_education-3-89', '9-10-Career_education-3-9', '9-10-Career_education-3-90', '9-10-Career_education-3-91', '9-10-Career_education-3-92', '9-10-Career_education-3-93', '9-10-Career_education-3-94', '9-10-Career_education-3-95', '9-10-Career_education-3-96', '9-10-Career_education-3-97', '9-10-Career_education-3-98', '9-10-Career_education-3-99']",missing_chunks
classEight,english_grammar,class8_English_grammar_ch1,164,18,146,"['8-English_grammar-1-1', '8-English_grammar-1-10', '8-English_grammar-1-103', '8-English_grammar-1-104', '8-English_grammar-1-105', '8-English_grammar-1-106', '8-English_grammar-1-107', '8-English_grammar-1-108', '8-English_grammar-1-109', '8-English_grammar-1-11', '8-English_grammar-1-110', '8-English_grammar-1-111', '8-English_grammar-1-112', '8-English_grammar-1-113', '8-English_grammar-1-114', '8-English_grammar-1-115', '8-English_grammar-1-116', '8-English_grammar-1-117', '8-English_grammar-1-118', '8-English_grammar-1-119', '8-English_grammar-1-12', '8-English_grammar-1-120', '8-English_grammar-1-121', '8-English_grammar-1-122', '8-English_grammar-1-123', '8-English_grammar-1-125', '8-English_grammar-1-126', '8-English_grammar-1-127', '8-English_grammar-1-128', '8-English_grammar-1-129', '8-English_grammar-1-13', '8-English_grammar-1-130', '8-English_grammar-1-131', '8-English_grammar-1-135', '8-English_grammar-1-136', '8-English_grammar-1-137', '8-English_grammar-1-138', '8-English_grammar-1-139', '8-English_grammar-1-14', '8-English_grammar-1-140', '8-English_grammar-1-141', '8-English_grammar-1-142', '8-English_grammar-1-143', '8-English_grammar-1-144', '8-English_grammar-1-145', '8-English_grammar-1-146', '8-English_grammar-1-147', '8-English_grammar-1-148', '8-English_grammar-1-149', '8-English_grammar-1-15', '8-English_grammar-1-150', '8-English_grammar-1-151', '8-English_grammar-1-152', '8-English_grammar-1-153', '8-English_grammar-1-154', '8-English_grammar-1-155', '8-English_grammar-1-156', '8-English_grammar-1-157', '8-English_grammar-1-158', '8-English_grammar-1-159', '8-English_grammar-1-16', '8-English_grammar-1-160', '8-English_grammar-1-161', '8-English_grammar-1-162', '8-English_grammar-1-163', '8-English_grammar-1-164', '8-English_grammar-1-17', '8-English_grammar-1-18', '8-English_grammar-1-19', '8-English_grammar-1-22', '8-English_grammar-1-23', '8-English_grammar-1-24', '8-English_grammar-1-25', '8-English_grammar-1-26', '8-English_grammar-1-27', '8-English_grammar-1-28', '8-English_grammar-1-29', '8-English_grammar-1-3', '8-English_grammar-1-30', '8-English_grammar-1-31', '8-English_grammar-1-35', '8-English_grammar-1-36', '8-English_grammar-1-37', '8-English_grammar-1-38', '8-English_grammar-1-39', '8-English_grammar-1-4', '8-English_grammar-1-40', '8-English_grammar-1-42', '8-English_grammar-1-43', '8-English_grammar-1-44', '8-English_grammar-1-45', '8-English_grammar-1-46', '8-English_grammar-1-47', '8-English_grammar-1-48', '8-English_grammar-1-49', '8-English_grammar-1-50', '8-English_grammar-1-51', '8-English_grammar-1-52', '8-English_grammar-1-53', '8-English_grammar-1-54', '8-English_grammar-1-55', '8-English_grammar-1-56', '8-English_grammar-1-57', '8-English_grammar-1-58', '8-English_grammar-1-59', '8-English_grammar-1-6', '8-English_grammar-1-60', '8-English_grammar-1-61', '8-English_grammar-1-62', '8-English_grammar-1-63', '8-English_grammar-1-64', '8-English_grammar-1-65', '8-English_grammar-1-66', '8-English_grammar-1-67', '8-English_grammar-1-68', '8-English_grammar-1-69', '8-English_grammar-1-7', '8-English_grammar-1-70', '8-English_grammar-1-71', '8-English_grammar-1-72', '8-English_grammar-1-73', '8-English_grammar-1-74', '8-English_grammar-1-75', '8-English_grammar-1-76', '8-English_grammar-1-77', '8-English_grammar-1-78', '8-English_grammar-1-79', '8-English_grammar-1-8', '8-English_grammar-1-80', '8-English_grammar-1-81', '8-English_grammar-1-82', '8-English_grammar-1-83', '8-English_grammar-1-84', '8-English_grammar-1-85', '8-English_grammar-1-86', '8-English_grammar-1-87', '8-English_grammar-1-88', '8-English_grammar-1-89', '8-English_grammar-1-90', '8-English_grammar-1-91', '8-English_grammar-1-93', '8-English_grammar-1-95', '8-English_grammar-1-96', '8-English_grammar-1-97', '8-English_grammar-1-98', '8-English_grammar-1-99']",missing_chunks
classNineTen,agriculture,class9-10_Agriculture_ch1,155,11,144,"['9-10-Agriculture-1-1', '9-10-Agriculture-1-100', '9-10-Agriculture-1-101', '9-10-Agriculture-1-102', '9-10-Agriculture-1-103', '9-10-Agriculture-1-104', '9-10-Agriculture-1-105', '9-10-Agriculture-1-106', '9-10-Agriculture-1-107', '9-10-Agriculture-1-108', '9-10-Agriculture-1-109', '9-10-Agriculture-1-11', '9-10-Agriculture-1-110', '9-10-Agriculture-1-111', '9-10-Agriculture-1-112', '9-10-Agriculture-1-113', '9-10-Agriculture-1-114', '9-10-Agriculture-1-115', '9-10-Agriculture-1-116', '9-10-Agriculture-1-117', '9-10-Agriculture-1-118', '9-10-Agriculture-1-119', '9-10-Agriculture-1-120', '9-10-Agriculture-1-121', '9-10-Agriculture-1-122', '9-10-Agriculture-1-123', '9-10-Agriculture-1-124', '9-10-Agriculture-1-125', '9-10-Agriculture-1-126', '9-10-Agriculture-1-127', '9-10-Agriculture-1-128', '9-10-Agriculture-1-129', '9-10-Agriculture-1-13', '9-10-Agriculture-1-130', '9-10-Agriculture-1-131', '9-10-Agriculture-1-132', '9-10-Agriculture-1-133', '9-10-Agriculture-1-134', '9-10-Agriculture-1-135', '9-10-Agriculture-1-136', '9-10-Agriculture-1-137', '9-10-Agriculture-1-138', '9-10-Agriculture-1-139', '9-10-Agriculture-1-140', '9-10-Agriculture-1-141', '9-10-Agriculture-1-142', '9-10-Agriculture-1-143', '9-10-Agriculture-1-144', '9-10-Agriculture-1-145', '9-10-Agriculture-1-146', '9-10-Agriculture-1-147', '9-10-Agriculture-1-148', '9-10-Agriculture-1-149', '9-10-Agriculture-1-15', '9-10-Agriculture-1-150', '9-10-Agriculture-1-151', '9-10-Agriculture-1-152', '9-10-Agriculture-1-153', '9-10-Agriculture-1-154', '9-10-Agriculture-1-155', '9-10-Agriculture-1-16', '9-10-Agriculture-1-18', '9-10-Agriculture-1-19', '9-10-Agriculture-1-2', '9-10-Agriculture-1-20', '9-10-Agriculture-1-22', '9-10-Agriculture-1-23', '9-10-Agriculture-1-25', '9-10-Agriculture-1-26', '9-10-Agriculture-1-27', '9-10-Agriculture-1-28', '9-10-Agriculture-1-29', '9-10-Agriculture-1-3', '9-10-Agriculture-1-30', '9-10-Agriculture-1-31', '9-10-Agriculture-1-32', '9-10-Agriculture-1-33', '9-10-Agriculture-1-34', '9-10-Agriculture-1-35', '9-10-Agriculture-1-36', '9-10-Agriculture-1-37', '9-10-Agriculture-1-38', '9-10-Agriculture-1-39', '9-10-Agriculture-1-4', '9-10-Agriculture-1-40', '9-10-Agriculture-1-41', '9-10-Agriculture-1-42', '9-10-Agriculture-1-43', '9-10-Agriculture-1-44', '9-10-Agriculture-1-45', '9-10-Agriculture-1-46', '9-10-Agriculture-1-47', '9-10-Agriculture-1-48', '9-10-Agriculture-1-49', '9-10-Agriculture-1-5', '9-10-Agriculture-1-50', '9-10-Agriculture-1-51', '9-10-Agriculture-1-52', '9-10-Agriculture-1-53', '9-10-Agriculture-1-54', '9-10-Agriculture-1-55', '9-10-Agriculture-1-56', '9-10-Agriculture-1-58', '9-10-Agriculture-1-59', '9-10-Agriculture-1-6', '9-10-Agriculture-1-63', '9-10-Agriculture-1-64', '9-10-Agriculture-1-65', '9-10-Agriculture-1-66', '9-10-Agriculture-1-67', '9-10-Agriculture-1-68', '9-10-Agriculture-1-69', '9-10-Agriculture-1-7', '9-10-Agriculture-1-70', '9-10-Agriculture-1-71', '9-10-Agriculture-1-72', '9-10-Agriculture-1-73', '9-10-Agriculture-1-74', '9-10-Agriculture-1-75', '9-10-Agriculture-1-76', '9-10-Agriculture-1-77', '9-10-Agriculture-1-78', '9-10-Agriculture-1-79', '9-10-Agriculture-1-80', '9-10-Agriculture-1-81', '9-10-Agriculture-1-82', '9-10-Agriculture-1-83', '9-10-Agriculture-1-84', '9-10-Agriculture-1-85', '9-10-Agriculture-1-86', '9-10-Agriculture-1-87', '9-10-Agriculture-1-88', '9-10-Agriculture-1-89', '9-10-Agriculture-1-9', '9-10-Agriculture-1-90', '9-10-Agriculture-1-91', '9-10-Agriculture-1-92', '9-10-Agriculture-1-93', '9-10-Agriculture-1-94', '9-10-Agriculture-1-95', '9-10-Agriculture-1-96', '9-10-Agriculture-1-97', '9-10-Agriculture-1-98', '9-10-Agriculture-1-99']",missing_chunks
classSix,math,class6_Math_ch1,125,16,109,"['6-Math-1-1', '6-Math-1-100', '6-Math-1-101', '6-Math-1-102', '6-Math-1-103', '6-Math-1-104', '6-Math-1-105', '6-Math-1-106', '6-Math-1-107', '6-Math-1-108', '6-Math-1-109', '6-Math-1-11', '6-Math-1-110', '6-Math-1-111', '6-Math-1-112', '6-Math-1-113', '6-Math-1-114', '6-Math-1-115', '6-Math-1-116', '6-Math-1-117', '6-Math-1-118', '6-Math-1-119', '6-Math-1-12', '6-Math-1-120', '6-Math-1-121', '6-Math-1-122', '6-Math-1-123', '6-Math-1-124', '6-Math-1-125', '6-Math-1-13', '6-Math-1-18', '6-Math-1-19', '6-Math-1-20', '6-Math-1-21', '6-Math-1-22', '6-Math-1-24', '6-Math-1-25', '6-Math-1-28', '6-Math-1-31', '6-Math-1-32', '6-Math-1-33', '6-Math-1-34', '6-Math-1-35', '6-Math-1-36', '6-Math-1-37', '6-Math-1-38', '6-Math-1-39', '6-Math-1-40', '6-Math-1-41', '6-Math-1-42', '6-Math-1-43', '6-Math-1-44', '6-Math-1-45', '6-Math-1-46', '6-Math-1-47', '6-Math-1-48', '6-Math-1-49', '6-Math-1-5', '6-Math-1-50', '6-Math-1-51', '6-Math-1-52', '6-Math-1-53', '6-Math-1-54', '6-Math-1-55', '6-Math-1-56', '6-Math-1-57', '6-Math-1-58', '6-Math-1-59', '6-Math-1-6', '6-Math-1-60', '6-Math-1-61', '6-Math-1-62', '6-Math-1-63', '6-Math-1-64', '6-Math-1-65', '6-Math-1-66', '6-Math-1-67', '6-Math-1-68', '6-Math-1-69', '6-Math-1-70', '6-Math-1-71', '6-Math-1-72', '6-Math-1-73', '6-Math-1-74', '6-Math-1-75', '6-Math-1-76', '6-Math-1-77', '6-Math-1-78', '6-Math-1-79', '6-Math-1-80', '6-Math-1-81', '6-Math-1-82', '6-Math-1-83', '6-Math-1-84', '6-Math-1-85', '6-Math-1-86', '6-Math-1-87', '6-Math-1-88', '6-Math-1-89', '6-Math-1-90', '6-Math-1-91', '6-Math-1-92', '6-Math-1-93', '6-Math-1-94', '6-Math-1-95', '6-Math-1-96', '6-Math-1-97', '6-Math-1-98', '6-Math-1-99']",missing_chunks
classEight,work_and_life,class8_Work_and_life_ch1,100,3,99,"['8-Work_and_life-1-1', '8-Work_and_life-1-10', '8-Work_and_life-1-100', '8-Work_and_life-1-11', '8-Work_and_life-1-12', '8-Work_and_life-1-13', '8-Work_and_life-1-14', '8-Work_and_life-1-15', '8-Work_and_life-1-16', '8-Work_and_life-1-17', '8-Work_and_life-1-18', '8-Work_and_life-1-19', '8-Work_and_life-1-2', '8-Work_and_life-1-20', '8-Work_and_life-1-21', '8-Work_and_life-1-22', '8-Work_and_life-1-23', '8-Work_and_life-1-24', '8-Work_and_life-1-25', '8-Work_and_life-1-26', '8-Work_and_life-1-27', '8-Work_and_life-1-28', '8-Work_and_life-1-29', '8-Work_and_life-1-3', '8-Work_and_life-1-30', '8-Work_and_life-1-31', '8-Work_and_life-1-32', '8-Work_and_life-1-33', '8-Work_and_life-1-34', '8-Work_and_life-1-35', '8-Work_and_life-1-36', '8-Work_and_life-1-37', '8-Work_and_life-1-38', '8-Work_and_life-1-39', '8-Work_and_life-1-40', '8-Work_and_life-1-41', '8-Work_and_life-1-42', '8-Work_and_life-1-43', '8-Work_and_life-1-44', '8-Work_and_life-1-45', '8-Work_and_life-1-46', '8-Work_and_life-1-47', '8-Work_and_life-1-48', '8-Work_and_life-1-49', '8-Work_and_life-1-5', '8-Work_and_life-1-50', '8-Work_and_life-1-51', '8-Work_and_life-1-52', '8-Work_and_life-1-53', '8-Work_and_life-1-54', '8-Work_and_life-1-55', '8-Work_and_life-1-56', '8-Work_and_life-1-57', '8-Work_and_life-1-58', '8-Work_and_life-1-59', '8-Work_and_life-1-6', '8-Work_and_life-1-60', '8-Work_and_life-1-61', '8-Work_and_life-1-62', '8-Work_and_life-1-63', '8-Work_and_life-1-64', '8-Work_and_life-1-65', '8-Work_and_life-1-66', '8-Work_and_life-1-67', '8-Work_and_life-1-68', '8-Work_and_life-1-69', '8-Work_and_life-1-7', '8-Work_and_life-1-70', '8-Work_and_life-1-71', '8-Work_and_life-1-72', '8-Work_and_life-1-73', '8-Work_and_life-1-74', '8-Work_and_life-1-75', '8-Work_and_life-1-76', '8-Work_and_life-1-77', '8-Work_and_life-1-78', '8-Work_and_life-1-79', '8-Work_and_life-1-8', '8-Work_and_life-1-80', '8-Work_and_life-1-81', '8-Work_and_life-1-82', '8-Work_and_life-1-83', '8-Work_and_life-1-84', '8-Work_and_life-1-85', '8-Work_and_life-1-86', '8-Work_and_life-1-87', '8-Work_and_life-1-88', '8-Work_and_life-1-89', '8-Work_and_life-1-9', '8-Work_and_life-1-90', '8-Work_and_life-1-91', '8-Work_and_life-1-92', '8-Work_and_life-1-93', '8-Work_and_life-1-94', '8-Work_and_life-1-95', '8-Work_and_life-1-96', '8-Work_and_life-1-97', '8-Work_and_life-1-98', '8-Work_and_life-1-99']",missing_chunks
classSix,english_grammar,class6_English_grammar_ch10,102,5,97,"['6-English_grammar-10-1', '6-English_grammar-10-10', '6-English_grammar-10-100', '6-English_grammar-10-101', '6-English_grammar-10-102', '6-English_grammar-10-11', '6-English_grammar-10-12', '6-English_grammar-10-15', '6-English_grammar-10-16', '6-English_grammar-10-17', '6-English_grammar-10-18', '6-English_grammar-10-19', '6-English_grammar-10-20', '6-English_grammar-10-21', '6-English_grammar-10-22', '6-English_grammar-10-23', '6-English_grammar-10-24', '6-English_grammar-10-25', '6-English_grammar-10-26', '6-English_grammar-10-27', '6-English_grammar-10-29', '6-English_grammar-10-3', '6-English_grammar-10-30', '6-English_grammar-10-31', '6-English_grammar-10-32', '6-English_grammar-10-33', '6-English_grammar-10-34', '6-English_grammar-10-35', '6-English_grammar-10-36', '6-English_grammar-10-37', '6-English_grammar-10-38', '6-English_grammar-10-39', '6-English_grammar-10-40', '6-English_grammar-10-41', '6-English_grammar-10-42', '6-English_grammar-10-43', '6-English_grammar-10-44', '6-English_grammar-10-45', '6-English_grammar-10-46', '6-English_grammar-10-47', '6-English_grammar-10-48', '6-English_grammar-10-49', '6-English_grammar-10-5', '6-English_grammar-10-50', '6-English_grammar-10-51', '6-English_grammar-10-52', '6-English_grammar-10-53', '6-English_grammar-10-54', '6-English_grammar-10-55', '6-English_grammar-10-56', '6-English_grammar-10-57', '6-English_grammar-10-58', '6-English_grammar-10-59', '6-English_grammar-10-6', '6-English_grammar-10-60', '6-English_grammar-10-61', '6-English_grammar-10-62', '6-English_grammar-10-63', '6-English_grammar-10-64', '6-English_grammar-10-65', '6-English_grammar-10-66', '6-English_grammar-10-67', '6-English_grammar-10-68', '6-English_grammar-10-69', '6-English_grammar-10-7', '6-English_grammar-10-70', '6-English_grammar-10-71', '6-English_grammar-10-72', '6-English_grammar-10-73', '6-English_grammar-10-74', '6-English_grammar-10-75', '6-English_grammar-10-76', '6-English_grammar-10-77', '6-English_grammar-10-78', '6-English_grammar-10-79', '6-English_grammar-10-8', '6-English_grammar-10-80', '6-English_grammar-10-81', '6-English_grammar-10-82', '6-English_grammar-10-83', '6-English_grammar-10-84', '6-English_grammar-10-85', '6-English_grammar-10-86', '6-English_grammar-10-87', '6-English_grammar-10-88', '6-English_grammar-10-89', '6-English_grammar-10-9', '6-English_grammar-10-90', '6-English_grammar-10-91', '6-English_grammar-10-92', '6-English_grammar-10-93', '6-English_grammar-10-94', '6-English_grammar-10-95', '6-English_grammar-10-96', '6-English_grammar-10-97', '6-English_grammar-10-98', '6-English_grammar-10-99']",missing_chunks
classNineTen,hindu_religion,class9-10_Hindu_religion_ch1,83,7,76,"['9-10-Hindu_religion-1-1', '9-10-Hindu_religion-1-10', '9-10-Hindu_religion-1-11', '9-10-Hindu_religion-1-12', '9-10-Hindu_religion-1-13', '9-10-Hindu_religion-1-14', '9-10-Hindu_religion-1-15', '9-10-Hindu_religion-1-17', '9-10-Hindu_religion-1-19', '9-10-Hindu_religion-1-2', '9-10-Hindu_religion-1-20', '9-10-Hindu_religion-1-21', '9-10-Hindu_religion-1-23', '9-10-Hindu_religion-1-24', '9-10-Hindu_religion-1-25', '9-10-Hindu_religion-1-26', '9-10-Hindu_religion-1-27', '9-10-Hindu_religion-1-28', '9-10-Hindu_religion-1-29', '9-10-Hindu_religion-1-3', '9-10-Hindu_religion-1-30', '9-10-Hindu_religion-1-31', '9-10-Hindu_religion-1-32', '9-10-Hindu_religion-1-33', '9-10-Hindu_religion-1-34', '9-10-Hindu_religion-1-35', '9-10-Hindu_religion-1-36', '9-10-Hindu_religion-1-37', '9-10-Hindu_religion-1-38', '9-10-Hindu_religion-1-39', '9-10-Hindu_religion-1-4', '9-10-Hindu_religion-1-40', '9-10-Hindu_religion-1-41', '9-10-Hindu_religion-1-42', '9-10-Hindu_religion-1-43', '9-10-Hindu_religion-1-44', '9-10-Hindu_religion-1-45', '9-10-Hindu_religion-1-46', '9-10-Hindu_religion-1-47', '9-10-Hindu_religion-1-48', '9-10-Hindu_religion-1-49', '9-10-Hindu_religion-1-50', '9-10-Hindu_religion-1-52', '9-10-Hindu_religion-1-54', '9-10-Hindu_religion-1-55', '9-10-Hindu_religion-1-56', '9-10-Hindu_religion-1-57', '9-10-Hindu_religion-1-58', '9-10-Hindu_religion-1-59', '9-10-Hindu_religion-1-60', '9-10-Hindu_religion-1-61', '9-10-Hindu_religion-1-62', '9-10-Hindu_religion-1-63', '9-10-Hindu_religion-1-64', '9-10-Hindu_religion-1-65', '9-10-Hindu_religion-1-66', '9-10-Hindu_religion-1-67', '9-10-Hindu_religion-1-68', '9-10-Hindu_religion-1-69', '9-10-Hindu_religion-1-7', '9-10-Hindu_religion-1-70', '9-10-Hindu_religion-1-71', '9-10-Hindu_religion-1-72', '9-10-Hindu_religion-1-73', '9-10-Hindu_religion-1-74', '9-10-Hindu_religion-1-75', '9-10-Hindu_religion-1-76', '9-10-Hindu_religion-1-77', '9-10-Hindu_religion-1-78', '9-10-Hindu_religion-1-79', '9-10-Hindu_religion-1-8', '9-10-Hindu_religion-1-80', '9-10-Hindu_religion-1-81', '9-10-Hindu_religion-1-82', '9-10-Hindu_religion-1-83', '9-10-Hindu_religion-1-9']",missing_chunks
classSeven,pali,class7_Pali_ch2,73,3,70,"['7-Pali-2-10', '7-Pali-2-11', '7-Pali-2-13', '7-Pali-2-14', '7-Pali-2-15', '7-Pali-2-16', '7-Pali-2-17', '7-Pali-2-18', '7-Pali-2-19', '7-Pali-2-2', '7-Pali-2-20', '7-Pali-2-21', '7-Pali-2-22', '7-Pali-2-23', '7-Pali-2-24', '7-Pali-2-25', '7-Pali-2-26', '7-Pali-2-27', '7-Pali-2-28', '7-Pali-2-29', '7-Pali-2-3', '7-Pali-2-31', '7-Pali-2-32', '7-Pali-2-33', '7-Pali-2-34', '7-Pali-2-35', '7-Pali-2-36', '7-Pali-2-37', '7-Pali-2-38', '7-Pali-2-39', '7-Pali-2-4', '7-Pali-2-40', '7-Pali-2-41', '7-Pali-2-42', '7-Pali-2-43', '7-Pali-2-44', '7-Pali-2-45', '7-Pali-2-46', '7-Pali-2-47', '7-Pali-2-48', '7-Pali-2-49', '7-Pali-2-5', '7-Pali-2-50', '7-Pali-2-51', '7-Pali-2-52', '7-Pali-2-53', '7-Pali-2-54', '7-Pali-2-55', '7-Pali-2-56', '7-Pali-2-57', '7-Pali-2-58', '7-Pali-2-59', '7-Pali-2-6', '7-Pali-2-60', '7-Pali-2-61', '7-Pali-2-62', '7-Pali-2-63', '7-Pali-2-64', '7-Pali-2-65', '7-Pali-2-66', '7-Pali-2-67', '7-Pali-2-68', '7-Pali-2-69', '7-Pali-2-7', '7-Pali-2-70', '7-Pali-2-71', '7-Pali-2-72', '7-Pali-2-73', '7-Pali-2-8', '7-Pali-2-9']",missing_chunks
classNineTen,finance,class9-10_Finance_ch6,66,10,56,"['9-10-Finance-6-11', '9-10-Finance-6-12', '9-10-Finance-6-13', '9-10-Finance-6-14', '9-10-Finance-6-15', '9-10-Finance-6-16', '9-10-Finance-6-17', '9-10-Finance-6-18', '9-10-Finance-6-19', '9-10-Finance-6-2', '9-10-Finance-6-20', '9-10-Finance-6-21', '9-10-Finance-6-22', '9-10-Finance-6-25', '9-10-Finance-6-26', '9-10-Finance-6-27', '9-10-Finance-6-28', '9-10-Finance-6-29', '9-10-Finance-6-3', '9-10-Finance-6-30', '9-10-Finance-6-31', '9-10-Finance-6-32', '9-10-Finance-6-33', '9-10-Finance-6-34', '9-10-Finance-6-35', '9-10-Finance-6-36', '9-10-Finance-6-37', '9-10-Finance-6-38', '9-10-Finance-6-39', '9-10-Finance-6-4', '9-10-Finance-6-41', '9-10-Finance-6-44', '9-10-Finance-6-45', '9-10-Finance-6-46', '9-10-Finance-6-47', '9-10-Finance-6-49', '9-10-Finance-6-5', '9-10-Finance-6-50', '9-10-Finance-6-52', '9-10-Finance-6-53', '9-10-Finance-6-54', '9-10-Finance-6-55', '9-10-Finance-6-56', '9-10-Finance-6-57', '9-10-Finance-6-58', '9-10-Finance-6-59', '9-10-Finance-6-6', '9-10-Finance-6-60', '9-10-Finance-6-61', '9-10-Finance-6-62', '9-10-Finance-6-63', '9-10-Finance-6-64', '9-10-Finance-6-65', '9-10-Finance-6-66', '9-10-Finance-6-8', '9-10-Finance-6-9']",missing_chunks
classNineTen,hindu_religion,class9-10_Hindu_religion_ch10,161,109,52,"['9-10-Hindu_religion-10-100', '9-10-Hindu_religion-10-101', '9-10-Hindu_religion-10-102', '9-10-Hindu_religion-10-103', '9-10-Hindu_religion-10-104', '9-10-Hindu_religion-10-105', '9-10-Hindu_religion-10-106', '9-10-Hindu_religion-10-108', '9-10-Hindu_religion-10-109', '9-10-Hindu_religion-10-110', '9-10-Hindu_religion-10-111', '9-10-Hindu_religion-10-112', '9-10-Hindu_religion-10-113', '9-10-Hindu_religion-10-114', '9-10-Hindu_religion-10-115', '9-10-Hindu_religion-10-116', '9-10-Hindu_religion-10-117', '9-10-Hindu_religion-10-118', '9-10-Hindu_religion-10-119', '9-10-Hindu_religion-10-120', '9-10-Hindu_religion-10-121', '9-10-Hindu_religion-10-122', '9-10-Hindu_religion-10-123', '9-10-Hindu_religion-10-124', '9-10-Hindu_religion-10-125', '9-10-Hindu_religion-10-126', '9-10-Hindu_religion-10-127', '9-10-Hindu_religion-10-128', '9-10-Hindu_religion-10-129', '9-10-Hindu_religion-10-130', '9-10-Hindu_religion-10-131', '9-10-Hindu_religion-10-132', '9-10-Hindu_religion-10-133', '9-10-Hindu_religion-10-134', '9-10-Hindu_religion-10-135', '9-10-Hindu_religion-10-136', '9-10-Hindu_religion-10-137', '9-10-Hindu_religion-10-138', '9-10-Hindu_religion-10-139', '9-10-Hindu_religion-10-140', '9-10-Hindu_religion-10-141', '9-10-Hindu_religion-10-142', '9-10-Hindu_religion-10-143', '9-10-Hindu_religion-10-144', '9-10-Hindu_religion-10-145', '9-10-Hindu_religion-10-146', '9-10-Hindu_religion-10-147', '9-10-Hindu_religion-10-151', '9-10-Hindu_religion-10-152', '9-10-Hindu_religion-10-156', '9-10-Hindu_religion-10-97', '9-10-Hindu_religion-10-99']",missing_chunks
classFive,christian_religion,class5_Christian_religion_ch5,67,20,47,"['5-Christian_religion-5-10', '5-Christian_religion-5-12', '5-Christian_religion-5-15', '5-Christian_religion-5-17', '5-Christian_religion-5-18', '5-Christian_religion-5-19', '5-Christian_religion-5-20', '5-Christian_religion-5-21', '5-Christian_religion-5-22', '5-Christian_religion-5-23', '5-Christian_religion-5-24', '5-Christian_religion-5-26', '5-Christian_religion-5-27', '5-Christian_religion-5-28', '5-Christian_religion-5-30', '5-Christian_religion-5-31', '5-Christian_religion-5-34', '5-Christian_religion-5-35', '5-Christian_religion-5-36', '5-Christian_religion-5-37', '5-Christian_religion-5-38', '5-Christian_religion-5-39', '5-Christian_religion-5-42', '5-Christian_religion-5-43', '5-Christian_religion-5-44', '5-Christian_religion-5-45', '5-Christian_religion-5-46', '5-Christian_religion-5-47', '5-Christian_religion-5-48', '5-Christian_religion-5-49', '5-Christian_religion-5-50', '5-Christian_religion-5-51', '5-Christian_religion-5-52', '5-Christian_religion-5-53', '5-Christian_religion-5-54', '5-Christian_religion-5-56', '5-Christian_religion-5-57', '5-Christian_religion-5-58', '5-Christian_religion-5-59', '5-Christian_religion-5-60', '5-Christian_religion-5-61', '5-Christian_religion-5-62', '5-Christian_religion-5-63', '5-Christian_religion-5-64', '5-Christian_religion-5-65', '5-Christian_religion-5-66', '5-Christian_religion-5-67']",missing_chunks
classFive,hindu_religion,class5_Hindu_religion_ch4,66,21,45,"['5-Hindu_religion-4-1', '5-Hindu_religion-4-10', '5-Hindu_religion-4-11', '5-Hindu_religion-4-12', '5-Hindu_religion-4-13', '5-Hindu_religion-4-14', '5-Hindu_religion-4-17', '5-Hindu_religion-4-18', '5-Hindu_religion-4-19', '5-Hindu_religion-4-24', '5-Hindu_religion-4-25', '5-Hindu_religion-4-26', '5-Hindu_religion-4-27', '5-Hindu_religion-4-28', '5-Hindu_religion-4-3', '5-Hindu_religion-4-30', '5-Hindu_religion-4-31', '5-Hindu_religion-4-32', '5-Hindu_religion-4-34', '5-Hindu_religion-4-35', '5-Hindu_religion-4-4', '5-Hindu_religion-4-41', '5-Hindu_religion-4-43', '5-Hindu_religion-4-44', '5-Hindu_religion-4-45', '5-Hindu_religion-4-48', '5-Hindu_religion-4-49', '5-Hindu_religion-4-5', '5-Hindu_religion-4-50', '5-Hindu_religion-4-52', '5-Hindu_religion-4-54', '5-Hindu_religion-4-55', '5-Hindu_religion-4-56', '5-Hindu_religion-4-57', '5-Hindu_religion-4-58', '5-Hindu_religion-4-59', '5-Hindu_religion-4-6', '5-Hindu_religion-4-60', '5-Hindu_religion-4-62', '5-Hindu_religion-4-63', '5-Hindu_religion-4-64', '5-Hindu_religion-4-65', '5-Hindu_religion-4-66', '5-Hindu_religion-4-7', '5-Hindu_religion-4-8']",missing_chunks
classSix,science,class6_Science_ch7,44,3,41,"['6-Science-7-10', '6-Science-7-11', '6-Science-7-12', '6-Science-7-13', '6-Science-7-14', '6-Science-7-15', '6-Science-7-16', '6-Science-7-17', '6-Science-7-18', '6-Science-7-19', '6-Science-7-2', '6-Science-7-20', '6-Science-7-21', '6-Science-7-23', '6-Science-7-24', '6-Science-7-25', '6-Science-7-26', '6-Science-7-27', '6-Science-7-28', '6-Science-7-29', '6-Science-7-3', '6-Science-7-30', '6-Science-7-31', '6-Science-7-32', '6-Science-7-33', '6-Science-7-34', '6-Science-7-35', '6-Science-7-36', '6-Science-7-37', '6-Science-7-38', '6-Science-7-39', '6-Science-7-4', '6-Science-7-40', '6-Science-7-42', '6-Science-7-43', '6-Science-7-44', '6-Science-7-5', '6-Science-7-6', '6-Science-7-7', '6-Science-7-8', '6-Science-7-9']",missing_chunks
classNineTen,christian_religion,class9-10_Christian_religion_ch6,44,9,35,"['9-10-Christian_religion-6-1', '9-10-Christian_religion-6-10', '9-10-Christian_religion-6-11', '9-10-Christian_religion-6-12', '9-10-Christian_religion-6-13', '9-10-Christian_religion-6-14', '9-10-Christian_religion-6-15', '9-10-Christian_religion-6-16', '9-10-Christian_religion-6-17', '9-10-Christian_religion-6-18', '9-10-Christian_religion-6-19', '9-10-Christian_religion-6-20', '9-10-Christian_religion-6-21', '9-10-Christian_religion-6-22', '9-10-Christian_religion-6-23', '9-10-Christian_religion-6-24', '9-10-Christian_religion-6-25', '9-10-Christian_religion-6-26', '9-10-Christian_religion-6-27', '9-10-Christian_religion-6-28', '9-10-Christian_religion-6-29', '9-10-Christian_religion-6-3', '9-10-Christian_religion-6-30', '9-10-Christian_religion-6-31', '9-10-Christian_religion-6-33', '9-10-Christian_religion-6-34', '9-10-Christian_religion-6-36', '9-10-Christian_religion-6-37', '9-10-Christian_religion-6-38', '9-10-Christian_religion-6-40', '9-10-Christian_religion-6-42', '9-10-Christian_religion-6-43', '9-10-Christian_religion-6-44', '9-10-Christian_religion-6-5', '9-10-Christian_religion-6-9']",missing_chunks
classFive,buddhist_religion,class5_Buddhist_religion_ch5,44,10,34,"['5-Buddhist_religion-5-11', '5-Buddhist_religion-5-12', '5-Buddhist_religion-5-13', '5-Buddhist_religion-5-14', '5-Buddhist_religion-5-15', '5-Buddhist_religion-5-16', '5-Buddhist_religion-5-17', '5-Buddhist_religion-5-18', '5-Buddhist_religion-5-19', '5-Buddhist_religion-5-2', '5-Buddhist_religion-5-20', '5-Buddhist_religion-5-21', '5-Buddhist_religion-5-22', '5-Buddhist_religion-5-24', '5-Buddhist_religion-5-26', '5-Buddhist_religion-5-27', '5-Buddhist_religion-5-28', '5-Buddhist_religion-5-29', '5-Buddhist_religion-5-3', '5-Buddhist_religion-5-30', '5-Buddhist_religion-5-31', '5-Buddhist_religion-5-32', '5-Buddhist_religion-5-34', '5-Buddhist_religion-5-35', '5-Buddhist_religion-5-36', '5-Buddhist_religion-5-37', '5-Buddhist_religion-5-38', '5-Buddhist_religion-5-39', '5-Buddhist_religion-5-4', '5-Buddhist_religion-5-5', '5-Buddhist_religion-5-6', '5-Buddhist_religion-5-7', '5-Buddhist_religion-5-8', '5-Buddhist_religion-5-9']",missing_chunks
classNineTen,higher_math,class9-10_Higher_math_ch13,79,54,25,"['9-10-Higher_math-13-27', '9-10-Higher_math-13-36', '9-10-Higher_math-13-38', '9-10-Higher_math-13-40', '9-10-Higher_math-13-49', '9-10-Higher_math-13-51', '9-10-Higher_math-13-52', '9-10-Higher_math-13-57', '9-10-Higher_math-13-58', '9-10-Higher_math-13-59', '9-10-Higher_math-13-60', '9-10-Higher_math-13-61', '9-10-Higher_math-13-63', '9-10-Higher_math-13-64', '9-10-Higher_math-13-66', '9-10-Higher_math-13-67', '9-10-Higher_math-13-69', '9-10-Higher_math-13-70', '9-10-Higher_math-13-71', '9-10-Higher_math-13-72', '9-10-Higher_math-13-73', '9-10-Higher_math-13-74', '9-10-Higher_math-13-76', '9-10-Higher_math-13-77', '9-10-Higher_math-13-79']",missing_chunks
classEight,arts_and_crafts,class8_Arts_and_crafts_ch2,40,18,22,"['8-Arts_and_crafts-2-1', '8-Arts_and_crafts-2-10', '8-Arts_and_crafts-2-11', '8-Arts_and_crafts-2-12', '8-Arts_and_crafts-2-13', '8-Arts_and_crafts-2-14', '8-Arts_and_crafts-2-15', '8-Arts_and_crafts-2-16', '8-Arts_and_crafts-2-17', '8-Arts_and_crafts-2-18', '8-Arts_and_crafts-2-19', '8-Arts_and_crafts-2-2', '8-Arts_and_crafts-2-20', '8-Arts_and_crafts-2-21', '8-Arts_and_crafts-2-22', '8-Arts_and_crafts-2-3', '8-Arts_and_crafts-2-4', '8-Arts_and_crafts-2-5', '8-Arts_and_crafts-2-6', '8-Arts_and_crafts-2-7', '8-Arts_and_crafts-2-8', '8-Arts_and_crafts-2-9']",missing_chunks
classEight,arts_and_crafts,class8_Arts_and_crafts_ch1,19,19,19,"['8-Arts_and_crafts-1-1', '8-Arts_and_crafts-1-10', '8-Arts_and_crafts-1-11', '8-Arts_and_crafts-1-12', '8-Arts_and_crafts-1-13', '8-Arts_and_crafts-1-14', '8-Arts_and_crafts-1-15', '8-Arts_and_crafts-1-16', '8-Arts_and_crafts-1-17', '8-Arts_and_crafts-1-18', '8-Arts_and_crafts-1-19', '8-Arts_and_crafts-1-2', '8-Arts_and_crafts-1-3', '8-Arts_and_crafts-1-4', '8-Arts_and_crafts-1-5', '8-Arts_and_crafts-1-6', '8-Arts_and_crafts-1-7', '8-Arts_and_crafts-1-8', '8-Arts_and_crafts-1-9']",missing_chunks
classEight,arts_and_crafts,class8_Arts_and_crafts_ch3,29,15,14,"['8-Arts_and_crafts-3-1', '8-Arts_and_crafts-3-10', '8-Arts_and_crafts-3-11', '8-Arts_and_crafts-3-12', '8-Arts_and_crafts-3-13', '8-Arts_and_crafts-3-14', '8-Arts_and_crafts-3-2', '8-Arts_and_crafts-3-3', '8-Arts_and_crafts-3-4', '8-Arts_and_crafts-3-5', '8-Arts_and_crafts-3-6', '8-Arts_and_crafts-3-7', '8-Arts_and_crafts-3-8', '8-Arts_and_crafts-3-9']",missing_chunks
classNineTen,math,class9-10_Math_ch6,104,94,10,"['9-10-Math-6-100', '9-10-Math-6-101', '9-10-Math-6-102', '9-10-Math-6-103', '9-10-Math-6-104', '9-10-Math-6-95', '9-10-Math-6-96', '9-10-Math-6-97', '9-10-Math-6-98', '9-10-Math-6-99']",missing_chunks
classEight,arts_and_crafts,class8_Arts_and_crafts_ch6,9,9,9,"['8-Arts_and_crafts-6-1', '8-Arts_and_crafts-6-2', '8-Arts_and_crafts-6-3', '8-Arts_and_crafts-6-4', '8-Arts_and_crafts-6-5', '8-Arts_and_crafts-6-6', '8-Arts_and_crafts-6-7', '8-Arts_and_crafts-6-8', '8-Arts_and_crafts-6-9']",missing_chunks
classNineTen,bangla,class9-10_Bangla_ch4,38,30,8,"['9-10-Bangla-4-31', '9-10-Bangla-4-32', '9-10-Bangla-4-33', '9-10-Bangla-4-34', '9-10-Bangla-4-35', '9-10-Bangla-4-36', '9-10-Bangla-4-37', '9-10-Bangla-4-38']",missing_chunks
classEight,arabic,class8_Arabic_ch12,16,9,7,"['8-Arabic-12-10', '8-Arabic-12-11', '8-Arabic-12-12', '8-Arabic-12-13', '8-Arabic-12-14', '8-Arabic-12-15', '8-Arabic-12-16']",missing_chunks
classThree,science,class3_Science_ch5,13,6,7,"['3-Science-5-11', '3-Science-5-12', '3-Science-5-13', '3-Science-5-5', '3-Science-5-6', '3-Science-5-7', '3-Science-5-8']",missing_chunks
classEight,islam,class8_Islam_ch4,111,105,6,"['8-Islam-4-106', '8-Islam-4-107', '8-Islam-4-108', '8-Islam-4-109', '8-Islam-4-110', '8-Islam-4-111']",missing_chunks
classThree,math,class3_Math_ch10,15,11,4,"['3-Math-10-12', '3-Math-10-13', '3-Math-10-14', '3-Math-10-15']",missing_chunks
classFour,science,class4_Science_ch1,27,25,2,"['4-Science-1-26', '4-Science-1-27']",missing_chunks
classSix,hindu_religion,class6_Hindu_religion_ch5,36,34,2,"['6-Hindu_religion-5-35', '6-Hindu_religion-5-36']",missing_chunks
classNineTen,bangla_grammar,class9-10_Bangla_grammar_ch13,12,10,2,"['9-10-Bangla_grammar-13-11', '9-10-Bangla_grammar-13-12']",missing_chunks
classEight,science,class8_Science_ch8,67,65,2,"['8-Science-8-66', '8-Science-8-67']",missing_chunks
classEight,work_and_life,class8_Work_and_life_ch2,64,62,2,"['8-Work_and_life-2-63', '8-Work_and_life-2-64']",missing_chunks
classSeven,math,class7_Math_ch11,56,54,2,"['7-Math-11-55', '7-Math-11-56']",missing_chunks
classThree,english,class3_English_ch6,16,15,1,['3-English-6-16'],missing_chunks
classSeven,science,class7_Science_ch4,45,44,1,['7-Science-4-29'],missing_chunks
classSix,work_and_life,class6_Work_and_life_ch2,55,54,1,['6-Work_and_life-2-55'],missing_chunks
classSix,sanskrit,class6_Sanskrit_ch12,12,11,1,['6-Sanskrit-12-12'],missing_chunks
classSix,science,class6_Science_ch6,38,37,1,['6-Science-6-38'],missing_chunks
classFour,math,class4_Math_ch8,18,17,1,['4-Math-8-11'],missing_chunks
classSix,bangla_grammar,class6_Bangla_grammar_ch1,31,30,1,['6-Bangla_grammar-1-31'],missing_chunks
classEight,arabic,class8_Arabic_ch8,7,7,1,['8-Arabic-8-3'],missing_chunks
classEight,bangla_grammar,class8_Bangla_grammar_ch10,48,47,1,['8-Bangla_grammar-10-48'],missing_chunks
classNineTen,arabic,class9-10_Arabic_ch7,79,79,1,['9-10-Arabic-7-55'],missing_chunks
classNineTen,accounting,class9-10_Accounting_ch4,43,43,1,['9-10-Accounting-4-17'],missing_chunks
classEight,science,class8_Science_ch11,50,49,1,['8-Science-11-22'],missing_chunks
classNineTen,biology_secondary,class9-10_biology_secondary_ch9,46,45,1,['9-10-biology_secondary-9-12'],missing_chunks
classNineTen,christian_religion,class9-10_Christian_religion_ch1,50,49,1,['9-10-Christian_religion-1-1'],missing_chunks
classNineTen,business_entrepreneurship,class9-10_Business_entrepreneurship_ch6,105,105,1,['9-10-Business_entrepreneurship-6-2'],missing_chunks
classNineTen,business_entrepreneurship,class9-10_Business_entrepreneurship_ch5,89,89,1,['9-10-Business_entrepreneurship-5-47'],missing_chunks
classNineTen,physics_secondary,class9-10_physics_secondary_ch2,58,58,1,['9-10-physics_secondary-2-37'],missing_chunks
